"property name","description","unit","access","comment"
"sim-time-sec","time","SEC","RO",""
"output_delay","go on output after optimize","NORM","RO","default value is zero"
"output_date_rate","dat file output rate","NORM","RO","output a record every X times. default value is 5."
"signal/aeroelastic","aeroelasticity","NORM","R/W","aeroelastic enable signal(0-false, 1-true)"
"signal/custom1","custom signal 1","NORM","R/W","custom enable signal(0-false, 1-true)"
"signal/custom2","custom signal 2","NORM","R/W","custom enable signal(0-false, 1-true)"
"signal/custom3","custom signal 3","NORM","R/W","custom enable signal(0-false, 1-true)"
"signal/custom4","custom signal 4","NORM","R/W","custom enable signal(0-false, 1-true)"
"signal/custom5","custom signal 5","NORM","R/W","custom enable signal(0-false, 1-true)"
"metrics/Sw-sqft","wing area","SQFT","RO",""
"metrics/Sw-sqm","wing area","SQM","RO",""
"metrics/bw-ft","wing span","FT","RO",""
"metrics/bw-m","wing span","M","RO",""
"metrics/cbarw-ft","chord bar","FT","RO",""
"metrics/cbarw-m","chord bar","M","RO",""
"metrics/iw-deg","wing incidence angle","DEG","RO","aero/alpha-wing-rad = aero/alpha-rad + metrics/iw-deg * deg2rad"
"metrics/Sh-sqft","Horizontal Tail Area","SQFT","RO","deprecated"
"metrics/Sh-sqm","horizontal tail area","SQM","RO","deprecated"
"metrics/lh-ft","horizontal tail arm","FT","RO","deprecated"
"metrics/lh-m","horizontal tail arm","M","RO","deprecated"
"metrics/lh-norm","horizontal tail arm","norm","RO","deprecated, HTailArm / cbar"
"metrics/vbarh-norm","H. Tail Volume","norm","RO","vbarh = HTailArm*HTailArea / (cbar*WingArea)"
"metrics/Sv-sqft","vertical tail area","SQFT","RO","deprecated"
"metrics/Sv-sqm","vertical tail area","SQM","RO","deprecated"
"metrics/lv-ft","vertical tail arm","FT","RO","deprecated"
"metrics/lv-m","vertical tail arm","FT","RO","deprecated"
"metrics/lv-norm","vertical tail arm","norm","RO","deprecated, VTailArm / cbar"
"metrics/vbarv-norm","V. Tail Volume","norm","RO","vbarv = VTailArm*VTailArea / (cbar*WingArea)"
"metrics/aero-rp-x-in","X coordinate for ARP","IN","RO","Aero Referece Point in the structural frame"
"metrics/aero-rp-x-m","X coordinate for ARP","M","RO","Aero Referece Point in the structural frame"
"metrics/aero-rp-y-in","Y coordinate for ARP","IN","RO","Aero Referece Point in the structural frame"
"metrics/aero-rp-y-m","Y coordinate for ARP","M","RO","Aero Referece Point in the structural frame"
"metrics/aero-rp-z-in","Z coordinate for ARP","IN","RO","Aero Referece Point in the structural frame"
"metrics/aero-rp-z-m","Z coordinate for ARP","M","RO","Aero Referece Point in the structural frame"
"metrics/eyepoint-x-in","X coordinate for EP","IN","RO","Eye Point in the structural frame"
"metrics/eyepoint-x-m","X coordinate for EP","M","RO","Eye Point in the structural frame"
"metrics/eyepoint-y-in","Y coordinate for EP","IN","RO","Eye Point in the structural frame"
"metrics/eyepoint-y-m","Y coordinate for EP","M","RO","Eye Point in the structural frame"
"metrics/eyepoint-z-in","Z coordinate for EP","IN","RO","Eye Point in the structural frame"
"metrics/eyepoint-z-m","Z coordinate for EP","M","RO","Eye Point in the structural frame"
"metrics/visualrefpoint-x-in","X coordinate for VRP","IN","RO","Visual Reference Point in the structural frame"
"metrics/visualrefpoint-x-m","X coordinate for VRP","M","RO","Visual Reference Point in the structural frame"
"metrics/visualrefpoint-y-in","Y coordinate for VRP","IN","RO","Visual Reference Point in the structural frame"
"metrics/visualrefpoint-y-m","Y coordinate for VRP","M","RO","Visual Reference Point in the structural frame"
"metrics/visualrefpoint-z-in","Z coordinate for VRP","IN","RO","Visual Reference Point in the structural frame"
"metrics/visualrefpoint-z-m","Z coordinate for VRP","M","RO","Visual Reference Point in the structural frame"
"inertia/mass-slugs","mass","SLUGS","RO",""
"inertia/mass-kg","mass","KG","RO",""
"inertia/weight-lbs","weight","LBS","RO",""
"inertia/weight-n","weight","N","RO",""
"inertia/cg-x-in","CG pos along the X axis","IN","RO","CG pos in the structural frame"
"inertia/cg-x-m","CG pos along the X axis","M","RO","CG pos in the structural frame"
"inertia/cg-y-in","CG pos along the Y axis","IN","RO","CG pos in the structural frame"
"inertia/cg-y-m","CG pos along the Y axis","M","RO","CG pos in the structural frame"
"inertia/cg-z-in","CG pos along the Z axis","IN","RO","CG pos in the structural frame"
"inertia/cg-z-m","CG pos along the Z axis","M","RO","CG pos in the structural frame"
"atmosphere/T-R","aero temperature","DEG","RO","the temperature in degrees Rankine"
"atmosphere/T-C","aero temperature","DEG","RO","the temperature in degrees Celsius"
"atmosphere/T-K","aero temperature","DEG","RO","the temperature in degrees Kelvin"
"atmosphere/T-sl-R","temperature at sea level","DEG","RO","sea level temperature in degrees Rankine"
"atmosphere/T-sl-C","temperature at sea level","DEG","RO","sea level temperature in degrees Celsius"
"atmosphere/T-sl-K","aero temperature at sea level","DEG","RO","sea level temperature in degrees Kelvin"
"atmosphere/theta-norm","aero temperature","norm","RO","the ratio of at-altitude temperature over the sea level value"
"atmosphere/rho-slugs_ft3","aero density","SLUGS/FT^3","RO",""
"atmosphere/rho-kg_m3","aero density","KG/M^3","RO",""
"atmosphere/rho-sl-slugs_ft3","aero density at sea level","SLUGS/FT^3","RO",""
"atmosphere/rho-sl-kg_m3","aero density at sea level","KG/M^3","RO",""
"atmosphere/sigma-norm","aero density","norm","RO","the ratio of at-altitude density over the sea level value"
"atmosphere/P-psf","aero pressure","PSF","RO",""
"atmosphere/P-pa","aero pressure","Pa","RO",""
"atmosphere/P-sl-psf","aero pressure at sea level","PSF","RO",""
"atmosphere/P-sl-pa","aero pressure at sea level","Pa","RO",""
"atmosphere/delta-norm","aero pressure","norm","RO","the ratio of at-altitude pressure over the sea level value"
"atmosphere/a-fps","sound speed","FT/SEC","RO",""
"atmosphere/a-mps","sound speed","M/SEC","RO",""
"atmosphere/a-sl-fps","speed of sound  at sea level","FPS","RO",""
"atmosphere/a-sl-mps","sound speed at sea level","MPS","RO",""
"atmosphere/a-norm","sound speed","norm","RO","the ratio of at-altitude sound speed over the sea level value"
"atmosphere/psiw-rad","wind direction","RAD","RO","0 <= psiw < 2*pi"
"atmosphere/density-altitude","density altitude in feet","FT","RO",""
"atmosphere/density-altitude-m","density altitude in meters","M","RO",""
"atmosphere/p-turb-rad_sec","aero turbulence moment along the X axis","RAD/SEC","RW","aero turbulence moment in the body frame"
"atmosphere/q-turb-rad_sec","aero turbulence moment along the Y axis","RAD/SEC","RW","aero turbulence moment in the body frame"
"atmosphere/r-turb-rad_sec","aero turbulence moment along the Z axis","RAD/SEC","RW","aero turbulence moment in the body frame"
"atmosphere/n-turb-fps","aero turbulence force for the north axis","FT/SEC","RW","aero turbulence force in the local frame"
"atmosphere/n-turb-mps","aero turbulence force for the north axis","M/SEC","RW","aero turbulence force in the local frame"
"atmosphere/e-turb-fps","aero turbulence force for the east axis","FT/SEC","RW","aero turbulence force in the local frame"
"atmosphere/e-turb-mps","aero turbulence force for the east axis","M/SEC","RW","aero turbulence force in the local frame"
"atmosphere/d-turb-fps","aero turbulence force for the down axis","FT/SEC","RW","aero turbulence force in the local frame"
"atmosphere/d-turb-mps","aero turbulence force for the down axis","M/SEC","RW","aero turbulence force in the local frame"
"aero/cl-squared-norm","square coefficient of lift","norm","RO","aerodynamic lift force divided by (qbar * WingArea)"
"aero/qbar-area","qbar * WingArea","LBS","RO","qbar multiplied by WingArea"
"aero/qbar-area-newton","qbar * WingArea","N","RO","qbar multiplied by WingArea"
"aero/alpha-max-deg","accessible max alpha angle","DEG","R/W",""
"aero/alpha-min-deg","accessible min alpha angle","DEG","R/W",""
"aero/bi2vel","WingSpan divided by double velocity","SEC","RO","velocities/p-rad_sec * aero/bi2vel = p-norm"
"aero/ci2vel","chord divided by double velocity","SEC","RO","velocities/q-rad_sec * aero/ci2vel = q-norm"
"aero/alpha-wing-rad","alpha angle for the wing","RAD","RO","aero/alpha-rad + metrics/iw-deg * deg2rad"
"systems/stall-warn-norm","stall warn signal","norm","RO","10*(alpha/alphaclmax - 0.85)"
"aero/stall-hyst-norm","stall hysteresis flag","norm","RO","if (alpha > alphahystmax) stall_hyst = 1; else stall_hyst = 0"
"aero/alpha-rad","alpha angle","RAD","RO",""
"aero/alpha-deg","alpha angle","DEG","RO",""
"aero/beta-rad","beta angle","RAD","RO",""
"aero/beta-deg","beta angle","DEG","RO",""
"aero/mag-beta-rad","beta angle","RAD","RO","absolute magnitude of beta angle"
"aero/mag-beta-deg","beta angle","RAD","RO","absolute magnitude of beta angle"
"aero/qbar-psf","Q bar","PSF","RO",""
"aero/qbar-pa","Q bar","Pa","RO",""
"aero/alphadot-rad_sec","alpha dot","RAD/SEC","RO","d(alpha) / dt"
"aero/alphadot-deg_sec","alpha dot","DEG/SEC","RO","d(alpha) / dt"
"aero/betadot-rad_sec","beta dot","RAD/SEC","RO","d(beta) / dt"
"aero/betadot-deg_sec","beta dot","DEG/SEC","RO","d(beta) / dt"
"forces/fbx-aero-lbs","aerodynamic force along the X axis","LBS","RO","aerodynamic force only in the body frame"
"forces/fbx-aero-newton","aerodynamic force along the X axis","N","RO","aerodynamic force only in the body frame"
"forces/fby-aero-lbs","aerodynamic force along the Y axis","LBS","RO","aerodynamic force only in the body frame"
"forces/fby-aero-newton","aerodynamic force along the Y axis","N","RO","aerodynamic force only in the body frame"
"forces/fbz-aero-lbs","aerodynamic force along the Z axis","LBS","RO","aerodynamic force only in the body frame"
"forces/fbz-aero-newton","aerodynamic force along the Z axis","N","RO","aerodynamic force only in the body frame"
"forces/fwx-aero-lbs","aerodynamic force along the X axis","LBS","RO","aerodynamic force only in the wind frame"
"forces/fwx-aero-newton","aerodynamic force along the X axis","N","RO","aerodynamic force only in the wind frame"
"forces/fwy-aero-lbs","aerodynamic force along the Y axis","LBS","RO","aerodynamic force only in the wind frame"
"forces/fwy-aero-newton","aerodynamic force along the Y axis","N","RO","aerodynamic force only in the wind frame"
"forces/fwz-aero-lbs","aerodynamic force along the Z axis","LBS","RO","aerodynamic force only in the wind frame"
"forces/fwz-aero-newton","aerodynamic force along the Z axis","N","RO","aerodynamic force only in the wind frame"
"forces/lod-norm","aerodynamic force load ratio","norm","RO","aerodynamic lift force divided by aerodynamic drag force"
"forces/nlf-norm","longitude force load","norm","RO","longitude force divided by gravity, it is 1 normally."
"forces/mag-nlf-total-norm","absolute magnitude of all force load","norm","RO","total force divided by gravity, it is 1 normally."
"forces/fbx-total-lbs","total force along the X axis","LBS","RO","total force in the body frame"
"forces/fbx-total-n","total force along the X axis","N","RO","total force in the body frame"
"forces/fby-total-lbs","total force along the Y axis","LBS","RO","total force in the body frame"
"forces/fby-total-n","total force along the Y axis","N","RO","total force in the body frame"
"forces/fbz-total-lbs","total force along the Z axis","LBS","RO","total force in the body frame"
"forces/fbz-total-n","total force along the Z axis","N","RO","total force in the body frame"
"forces/nbx-total-norm","total load along the X axis","G","RO","total load in the body frame"
"forces/nby-total-norm","total load along the Y axis","G","RO","total load in the body frame"
"forces/nbz-total-norm","total load along the Z axis","G","RO","total load in the body frame, it is -1 normally."
"moments/l-aero-lbsft","aerodynamic moment along the X axis","LBS*FT","RO","aerodynamic moment in the body frame at ARP"
"moments/l-aero-n_m","aerodynamic moment along the X axis","N*M","RO","aerodynamic moment in the body frame at ARP"
"moments/m-aero-lbsft","aerodynamic moment along the Y axis","LBS*FT","RO","aerodynamic moment in the body frame at ARP"
"moments/m-aero-n_m","aerodynamic moment along the Y axis","N*M","RO","aerodynamic moment in the body frame at ARP"
"moments/n-aero-lbsft","aerodynamic moment along the Z axis","LBS*FT","RO","aerodynamic moment in the body frame at ARP"
"moments/n-aero-n_m","aerodynamic moment along the Z axis","N*M","RO","aerodynamic moment in the body frame at ARP"
"moments/l-total-lbsft","total moment along the X axis","LBS*FT","RO","total moment in the body frame at ARP"
"moments/l-total-nm","total moment along the X axis","N*M","RO","total moment in the body frame at ARP"
"moments/m-total-lbsft","total moment along the Y axis","LBS*FT","RO","total moment in the body frame at ARP"
"moments/m-total-nm","total moment along the Y axis","N*M","RO","total moment in the body frame at ARP"
"moments/n-total-lbsft","total moment along the Z axis","LBS*FT","RO","total moment in the body frame at ARP"
"moments/n-total-nm","total moment along the Z axis","N*M","RO","total moment in the body frame at ARP"
"accelerations/a-pilot-x-ft_sec2","acceleration at pilot along the X axis","FT/SEC^2","RO","acceleration in the body frame"
"accelerations/a-pilot-x-m_sec2","acceleration at pilot along the X axis","M/SEC^2","RO","acceleration in the body frame"
"accelerations/a-pilot-y-ft_sec2","acceleration at pilot along the Y axis","FT/SEC^2","RO","acceleration in the body frame"
"accelerations/a-pilot-y-m_sec2","acceleration at pilot along the Y axis","M/SEC^2","RO","acceleration in the body frame"
"accelerations/a-pilot-z-ft_sec2","acceleration at pilot along the Z axis","FT/SEC^2","RO","acceleration in the body frame"
"accelerations/a-pilot-z-m_sec2","acceleration at pilot along the Z axis","M/SEC^2","RO","acceleration in the body frame"
"accelerations/n-pilot-x-norm","load at pilot along the X axis","norm","RO","load in the body frame"
"accelerations/n-pilot-y-norm","load at pilot along the Y axis","norm","RO","load in the body frame"
"accelerations/n-pilot-z-norm","load at pilot along the Z axis","norm","RO","load in the body frame"
"accelerations/pdot-deg_sec","angular acceleration along the X axis","DEG/SEC^2","RO","angular acceleration in the body frame"
"accelerations/pdot-rad_sec","angular acceleration along the X axis","RAD/SEC^2","RO","angular acceleration in the body frame"
"accelerations/qdot-deg_sec","angular acceleration along the Y axis","DEG/SEC^2","RO","angular acceleration in the body frame"
"accelerations/qdot-rad_sec","angular acceleration along the Y axis","RAD/SEC^2","RO","angular acceleration in the body frame"
"accelerations/rdot-deg_sec","angular acceleration along the Z axis","DEG/SEC^2","RO","angular acceleration in the body frame"
"accelerations/rdot-rad_sec","angular acceleration along the Z axis","RAD/SEC^2","RO","angular acceleration in the body frame"
"accelerations/udot-fps","acceleration along the X axis","FT/SEC^2","RO","acceleration in the body frame"
"accelerations/udot-mps","acceleration along the X axis","M/SEC^2","RO","acceleration in the body frame"
"accelerations/vdot-fps","acceleration along the Y axis","FT/SEC^2","RO","acceleration in the body frame"
"accelerations/vdot-mps","acceleration along the Y axis","M/SEC^2","RO","acceleration in the body frame"
"accelerations/wdot-fps","acceleration along the Z axis","FT/SEC^2","RO","acceleration in the body frame"
"accelerations/wdot-mps","acceleration along the Z axis","M/SEC^2","RO","acceleration in the body frame"
"velocities/vc-fps","calibrated speed","FPS","RO",""
"velocities/vc-kts","calibrated speed","KTS","RO",""
"velocities/vc-mps","calibrated speed","MPS","RO",""
"velocities/ve-fps","equivalent speed","FPS","RO",""
"velocities/ve-kts","equivalent speed","KTS","RO",""
"velocities/ve-mps","equivalent speed","MPS","RO",""
"velocities/tat-r","total temperature","DEG","RO","total temperature in degrees Rankine"
"velocities/tat-c","total temperature","DEG","RO","total temperature in degrees Celsius"
"velocities/pt-lbs_sqft","total pressure","PSF","RO",""
"velocities/pt-pa","total pressure","Pa","RO",""
"velocities/p-aero-deg_sec","angular velocity along the X axis","DEG/SEC","RO","angular velocity in the body frame"
"velocities/p-aero-rad_sec","angular velocity along the X axis","RAD/SEC","RO","angular velocity in the body frame"
"velocities/q-aero-deg_sec","angular velocity along the Y axis","DEG/SEC","RO","angular velocity in the body frame"
"velocities/q-aero-rad_sec","angular velocity along the Y axis","RAD/SEC","RO","angular velocity in the body frame"
"velocities/r-aero-deg_sec","angular velocity along the Z axis","DEG/SEC","RO","angular velocity in the body frame"
"velocities/r-aero-rad_sec","angular velocity along the Z axis","RAD/SEC","RO","angular velocity in the body frame"
"velocities/phidot-deg_sec","angular speed for the phi angle","DEG/SEC","RO",""
"velocities/phidot-rad_sec","angular speed for the phi angle","RAD/SEC","RO",""
"velocities/thetadot-deg_sec","angular speed for the theta angle","DEG/SEC","RO",""
"velocities/thetadot-rad_sec","angular speed for the theta angle","RAD/SEC","RO",""
"velocities/psidot-deg_sec","angular speed for the psi angle","DEG/SEC","RO",""
"velocities/psidot-rad_sec","angular speed for the psi angle","RAD/SEC","RO",""
"velocities/u-aero-fps","velocity along the X axis","FPS","RO","aero velocity in the body frame, the wind is considered"
"velocities/u-aero-mps","velocity along the X axis","MPS","RO","aero velocity in the body frame, the wind is considered"
"velocities/v-aero-fps","velocity along the Y axis","FPS","RO","aero velocity in the body frame, the wind is considered"
"velocities/v-aero-mps","velocity along the Y axis","MPS","RO","aero velocity in the body frame, the wind is considered"
"velocities/w-aero-fps","velocity along the Z axis","FPS","RO","aero velocity in the body frame, the wind is considered"
"velocities/w-aero-mps","velocity along the Z axis","MPS","RO","aero velocity in the body frame, the wind is considered"
"velocities/vt-fps","the true aero speed","FPS","RO","the wind is considered"
"velocities/vt-mps","the true aero speed","MPS","RO","the wind is considered"
"velocities/mach-norm","the mach number","norm","RO","the wind is considered"
"velocities/vg-fps","the ground speed","FPS","RO","refer to the ground"
"velocities/vg-mps","the ground speed","MPS","RO","refer to the ground"
"velocities/h-dot-fps","vertical speed","FPS","RO",""
"velocities/h-dot-mps","vertical speed","MPS","RO",""
"velocities/v-north-fps","northward speed","FPS","RO","speed in the local frame"
"velocities/v-north-mps","northward speed","MPS","RO","speed in the local frame"
"velocities/v-east-fps","eastward speed","FPS","RO","speed in the local frame"
"velocities/v-east-mps","eastward speed","MPS","RO","speed in the local frame"
"velocities/v-down-fps","downward speed","FPS","RO","speed in the local frame"
"velocities/v-down-mps","downward speed","MPS","RO","speed in the local frame"
"velocities/u-fps","velocity along the X axis","FPS","RO","speed in the body frame"
"velocities/u-mps","velocity along the X axis","MPS","RO","speed in the body frame"
"velocities/v-fps","velocity along the Y axis","FPS","RO","speed in the body frame"
"velocities/v-mps","velocity along the Y axis","MPS","RO","speed in the body frame"
"velocities/w-fps","velocity along the Z axis","FPS","RO","speed in the body frame"
"velocities/w-mps","velocity along the Z axis","MPS","RO","speed in the body frame"
"velocities/p-deg_sec","angular velocity along the X axis","DEG/SEC","RO","angular speed in the body frame"
"velocities/p-rad_sec","angular velocity along the X axis","RAD/SEC","RO","angular speed in the body frame"
"velocities/q-deg_sec","angular velocity along the Y axis","DEG/SEC","RO","angular speed in the body frame"
"velocities/q-rad_sec","angular velocity along the Y axis","RAD/SEC","RO","angular speed in the body frame"
"velocities/r-deg_sec","angular velocity along the Z axis","DEG/SEC","RO","angular speed in the body frame"
"velocities/r-rad_sec","angular velocity along the Z axis","RAD/SEC","RO","angular speed in the body frame"
"attitude/phi-deg","roll angle","DEG","RO","the Euler angle"
"attitude/phi-rad","roll angle","RAD","RO","the Euler angle"
"attitude/roll-deg","roll angle","DEG","RO","the Euler angle"
"attitude/roll-rad","roll angle","RAD","RO","the Euler angle"
"attitude/theta-deg","pitch angle","DEG","RO","the Euler angle"
"attitude/theta-rad","pitch angle","RAD","RO","the Euler angle"
"attitude/pitch-deg","pitch angle","DEG","RO","the Euler angle"
"attitude/pitch-rad","pitch angle","RAD","RO","the Euler angle"
"attitude/psi-deg","heading angle","DEG","RO","the Euler angle"
"attitude/psi-rad","heading angle","RAD","RO","the Euler angle"
"attitude/heading-true-deg","heading angle","DEG","RO","the Euler angle"
"attitude/heading-true-rad","heading angle","RAD","RO","the Euler angle"
"position/epa-rad","earch position angle","RAD","RO","earthPosAngle += State->Getdt()*Inertial->omega();"
"position/h-sl-ft","height from sea level","FT","RO",""
"position/h-sl-m","height from sea level","M","RO",""
"position/lat-gc-rad","latitude","RAD","RO",""
"position/long-gc-rad","longitude","RAD","RO",""
"position/h-agl-ft","height from runway","FT","RO",""
"position/h-agl-m","height from runway","M","RO",""
"flight-path/gamma-rad","gamma angle","RAD","RO","vertical flight path angle, from -pi/2 ~ pi/2"
"flight-path/psi-gt-rad","psi angle","RAD","RO","horizontal flight path angle, from 0 ~ 2pi"
"fcs/aileron-cmd-norm","aileron command","norm","R/W","range from 0 to 1"
"fcs/elevator-cmd-norm","elevator command","norm","R/W","range from 0 to 1, must appear in FCS modal"
"fcs/rudder-cmd-norm","rudder command","norm","R/W","range from 0 to 1, must appear in FCS modal"
"fcs/steer-cmd-norm","steer command","norm","R/W","range from 0 to 1"
"fcs/flap-cmd-norm","flap command","norm","R/W","range from 0 to 1"
"fcs/speedbrake-cmd-norm","speedbrake","norm","R/W","range from 0 to 1"
"fcs/spoiler-cmd-norm","spoiler command","norm","R/W","range from 0 to 1"
"fcs/pitch-trim-cmd-norm","pitch trim command","norm","R/W","range from 0 to 1, must appear in FCS modal"
"fcs/roll-trim-cmd-norm","roll trim command","norm","R/W","range from 0 to 1, must appear in FCS modal"
"fcs/yaw-trim-cmd-norm","yaw trim command","norm","R/W","range from 0 to 1, must appear in FCS modal"
"gear/gear-cmd-norm","gear command","norm","R/W","range from 0 to 1"
"propulsion/active_engine","active engine","norm","R/W","-1 means that all engines are running"
"fcs/throttle-cmd-norm","throttle command","norm","R/W","from 0 to 1, it must appear in the FCS modal"
"fcs/left-aileron-pos-deg","left aileron positon","DEG","R/W","it must appear in the FCS modal"
"fcs/left-aileron-pos-rad","left aileron positon","RAD","R/W","it must appear in the FCS modal"
"fcs/right-aileron-pos-deg","right aileron position","DEG","R/W","it must appear in the FCS modal"
"fcs/right-aileron-pos-rad","right aileron position","RAD","R/W","it must appear in the FCS modal"
"fcs/elevator-pos-deg","elevator position","DEG","R/W","it must appear in the FCS modal"
"fcs/elevator-pos-rad","elevator position","RAD","R/W","it must appear in the FCS modal"
"fcs/rudder-pos-deg","rudder position","DEG","R/W","it must appear in the FCS modal"
"fcs/rudder-pos-rad","rudder position","RAD","R/W","it must appear in the FCS modal"
"fcs/throttle-pos-norm","throttle position","norm","R/W","from 0 to 2, it must appear in the FCS modal"
"propulsion/pitch-deg","throttle attitude","DEG","R/W","use propulsion/pitch-deg[1] for the second engine"
"propulsion/yaw-deg","throttle attitude","DEG","R/W","use propulsion/yaw-deg[1] for the second engine"
"gear/gear-pos-norm","gear position","norm","R/W",""
"fcs/flap-pos-norm","flap position norm","norm","R/W","do not use the other one together"
"fcs/flap-pos-deg","flap position","DEG","R/W","do not use the other one together"
"fcs/speedbrake-pos-norm","speedbrake position","norm","R/W","do not use the other one together"
"fcs/speedbrake-pos-deg","speedbrake position","DEG","R/W","do not use the other one together"
"fcs/speedbrake-pos-rad","speedbrake position","RAD","R/W","do not use the other one together"
"fcs/spoiler-pos-norm","spoiler position","norm","R/W","do not use the other one together"
"fcs/spoiler-pos-deg","spoiler position","DEG","R/W","do not use the other one together"
"fcs/spoiler-pos-rad","spoiler position","RAD","R/W","do not use the other one together"
